item id,image,main
532,이미지이미지,1
533,이미지이미지,1
534,이미지이미지,1
535,이미지이미지,1
536,이미지이미지,1
537,이미지이미지,1
538,이미지이미지,1
539,이미지이미지,1
540,이미지이미지,1
541,이미지이미지,1
542,이미지이미지,1
543,이미지이미지,1
544,이미지이미지,1
545,이미지이미지,1
546,이미지이미지,1
547,이미지이미지,1
548,이미지이미지,1
549,이미지이미지,1
550,이미지이미지,1
551,이미지이미지,1
552,이미지이미지,1
553,이미지이미지,1
554,이미지이미지,1
555,이미지이미지,1
556,이미지이미지,1
557,이미지이미지,1
558,이미지이미지,1
559,이미지이미지,1
560,이미지이미지,1
561,이미지이미지,1
562,이미지이미지,1
563,이미지이미지,1
564,이미지이미지,1
565,이미지이미지,1
566,이미지이미지,1
567,이미지이미지,1
568,이미지이미지,1
569,이미지이미지,1
570,이미지이미지,1
571,이미지이미지,1
572,이미지이미지,1
573,이미지이미지,1
574,이미지이미지,1
575,이미지이미지,1
576,이미지이미지,1
577,이미지이미지,1
578,이미지이미지,1
579,이미지이미지,1
580,이미지이미지,1
581,이미지이미지,1
582,이미지이미지,1
583,이미지이미지,1
584,이미지이미지,1
585,이미지이미지,1
586,이미지이미지,1
587,이미지이미지,1
588,이미지이미지,1
589,이미지이미지,1
590,이미지이미지,1
591,이미지이미지,1
592,이미지이미지,1
593,이미지이미지,1
594,이미지이미지,1
595,이미지이미지,1
596,이미지이미지,1
597,이미지이미지,1
598,이미지이미지,1
599,이미지이미지,1
600,이미지이미지,1
601,이미지이미지,1
602,이미지이미지,1
603,이미지이미지,1
604,이미지이미지,1
605,이미지이미지,1
606,이미지이미지,1
607,이미지이미지,1
608,이미지이미지,1
609,이미지이미지,1
610,이미지이미지,1
611,이미지이미지,1
612,이미지이미지,1
613,이미지이미지,1
614,이미지이미지,1
615,이미지이미지,1
616,이미지이미지,1
617,이미지이미지,1
618,이미지이미지,1
619,이미지이미지,1
620,이미지이미지,1
621,이미지이미지,1
622,이미지이미지,1
623,이미지이미지,1
624,이미지이미지,1
625,이미지이미지,1
626,이미지이미지,1
627,이미지이미지,1
628,이미지이미지,1
629,이미지이미지,1
630,이미지이미지,1
631,이미지이미지,1
632,이미지이미지,1
633,이미지이미지,1
634,이미지이미지,1
635,이미지이미지,1
636,이미지이미지,1
637,이미지이미지,1
638,이미지이미지,1
639,이미지이미지,1
640,이미지이미지,1
641,이미지이미지,1
642,이미지이미지,1
643,이미지이미지,1
644,이미지이미지,1
645,이미지이미지,1
646,이미지이미지,1
647,이미지이미지,1
648,이미지이미지,1
649,이미지이미지,1
650,이미지이미지,1
651,이미지이미지,1
652,이미지이미지,1
653,이미지이미지,1
654,이미지이미지,1
655,이미지이미지,1
656,이미지이미지,1
657,이미지이미지,1
658,이미지이미지,1
659,이미지이미지,1
660,이미지이미지,1
661,이미지이미지,1
662,이미지이미지,1
663,이미지이미지,1
664,이미지이미지,1
665,이미지이미지,1
666,이미지이미지,1
667,이미지이미지,1
668,이미지이미지,1
669,이미지이미지,1
670,이미지이미지,1
671,이미지이미지,1
672,이미지이미지,1
673,이미지이미지,1
674,이미지이미지,1
675,이미지이미지,1
676,이미지이미지,1
677,이미지이미지,1
678,이미지이미지,1
679,이미지이미지,1
680,이미지이미지,1
681,이미지이미지,1
682,이미지이미지,1
683,이미지이미지,1
684,이미지이미지,1
685,이미지이미지,1
686,이미지이미지,1
687,이미지이미지,1
688,이미지이미지,1
689,이미지이미지,1
690,이미지이미지,1
691,이미지이미지,1
692,이미지이미지,1
693,이미지이미지,1
694,이미지이미지,1
695,이미지이미지,1
696,이미지이미지,1
697,이미지이미지,1
698,이미지이미지,1
699,이미지이미지,1
700,이미지이미지,1
701,이미지이미지,1
702,이미지이미지,1
703,이미지이미지,1
704,이미지이미지,1
705,이미지이미지,1